M0:cdd (L=1.80e-07) Y,M0:cdd (L=3.60e-07) Y,M0:cdd (L=1.00e-06) Y,M0:cgb (L=1.80e-07) Y,M0:cgb (L=3.60e-07) Y,M0:cgb (L=1.00e-06) Y,M0:cgd (L=1.80e-07) Y,M0:cgd (L=3.60e-07) Y,M0:cgd (L=1.00e-06) Y,M0:cgg (L=1.80e-07) Y,M0:cgg (L=3.60e-07) Y,M0:cgg (L=1.00e-06) Y,M0:cgs (L=1.80e-07) Y,M0:cgs (L=3.60e-07) Y,M0:cgs (L=1.00e-06) Y,M0:cjd (L=1.80e-07) Y,M0:cjd (L=3.60e-07) Y,M0:cjd (L=1.00e-06) Y,M0:cjs (L=1.80e-07) Y,M0:cjs (L=3.60e-07) Y,M0:cjs (L=1.00e-06) Y,M0:css (L=1.80e-07) Y,M0:css (L=3.60e-07) Y,M0:css (L=1.00e-06) Y,M0:gds (L=1.80e-07) Y,M0:gds (L=3.60e-07) Y,M0:gds (L=1.00e-06) Y,M0:gm (L=1.80e-07) Y,M0:gm (L=3.60e-07) Y,M0:gm (L=1.00e-06) Y,M0:id (L=1.80e-07) Y,M0:id (L=3.60e-07) Y,M0:id (L=1.00e-06) Y,M0:vgs (L=1.80e-07) Y,M0:vgs (L=3.60e-07) Y,M0:vgs (L=1.00e-06) Y,M0:vth (L=1.80e-07) Y,M0:vth (L=3.60e-07) Y,M0:vth (L=1.00e-06) Y
3.25E-15,3.25E-15,3.25E-15,-1.64E-15,-3.86E-15,-1.16E-14,-3.25E-15,-3.24E-15,-3.22E-15,8.14E-15,1.04E-14,1.83E-14,-3.25E-15,-3.28E-15,-3.45E-15,0,0,0,0,0,0,3.25E-15,3.25E-15,3.25E-15,1.96E-12,2.14E-12,1.48E-12,1.75E-10,2.31E-10,2.19E-10,-6.74E-12,-8.76E-12,-8.29E-12,0,0,0,-0.515143171,-0.457806699,-0.409827367
3.25E-15,3.25E-15,3.25E-15,-1.62E-15,-3.82E-15,-1.15E-14,-3.25E-15,-3.24E-15,-3.22E-15,8.12E-15,1.03E-14,1.81E-14,-3.25E-15,-3.28E-15,-3.45E-15,0,0,0,0,0,0,3.25E-15,3.25E-15,3.25E-15,3.75E-12,4.14E-12,2.87E-12,3.35E-10,4.45E-10,4.24E-10,-1.29E-11,-1.69E-11,-1.61E-11,-0.025,-0.025,-0.025,-0.515143171,-0.457806699,-0.409827367
3.25E-15,3.25E-15,3.25E-15,-1.59E-15,-3.77E-15,-1.13E-14,-3.25E-15,-3.24E-15,-3.22E-15,8.10E-15,1.03E-14,1.80E-14,-3.25E-15,-3.28E-15,-3.44E-15,0,0,0,0,0,0,3.25E-15,3.25E-15,3.25E-15,7.18E-12,7.99E-12,5.55E-12,6.40E-10,8.59E-10,8.20E-10,-2.47E-11,-3.27E-11,-3.11E-11,-0.05,-0.05,-0.05,-0.515143171,-0.457806699,-0.409827367
3.25E-15,3.25E-15,3.25E-15,-1.58E-15,-3.72E-15,-1.12E-14,-3.25E-15,-3.24E-15,-3.22E-15,8.08E-15,1.02E-14,1.79E-14,-3.25E-15,-3.28E-15,-3.44E-15,0,0,0,0,0,0,3.25E-15,3.25E-15,3.26E-15,1.37E-11,1.54E-11,1.07E-11,1.22E-09,1.66E-09,1.58E-09,-4.72E-11,-6.30E-11,-6.01E-11,-0.075,-0.075,-0.075,-0.515143171,-0.457806699,-0.409827367
3.25E-15,3.25E-15,3.25E-15,-1.56E-15,-3.68E-15,-1.11E-14,-3.25E-15,-3.24E-15,-3.22E-15,8.06E-15,1.02E-14,1.77E-14,-3.25E-15,-3.28E-15,-3.45E-15,0,0,0,0,0,0,3.25E-15,3.25E-15,3.26E-15,2.63E-11,2.97E-11,2.07E-11,2.34E-09,3.19E-09,3.05E-09,-9.03E-11,-1.22E-10,-1.16E-10,-0.1,-0.1,-0.1,-0.515143171,-0.457806699,-0.409827367
3.25E-15,3.25E-15,3.25E-15,-1.54E-15,-3.64E-15,-1.09E-14,-3.25E-15,-3.24E-15,-3.22E-15,8.04E-15,1.02E-14,1.76E-14,-3.25E-15,-3.28E-15,-3.45E-15,0,0,0,0,0,0,3.25E-15,3.25E-15,3.26E-15,5.02E-11,5.72E-11,3.97E-11,4.47E-09,6.13E-09,5.85E-09,-1.73E-10,-2.34E-10,-2.23E-10,-0.125,-0.125,-0.125,-0.515143171,-0.457806699,-0.409827367
3.25E-15,3.25E-15,3.25E-15,-1.52E-15,-3.60E-15,-1.08E-14,-3.25E-15,-3.24E-15,-3.22E-15,8.02E-15,1.01E-14,1.75E-14,-3.25E-15,-3.28E-15,-3.47E-15,0,0,0,0,0,0,3.25E-15,3.26E-15,3.27E-15,9.59E-11,1.10E-10,7.61E-11,8.52E-09,1.18E-08,1.12E-08,-3.30E-10,-4.50E-10,-4.29E-10,-0.15,-0.15,-0.15,-0.515143171,-0.457806699,-0.409827367
3.25E-15,3.25E-15,3.25E-15,-1.50E-15,-3.56E-15,-1.07E-14,-3.25E-15,-3.24E-15,-3.22E-15,8.01E-15,1.01E-14,1.74E-14,-3.25E-15,-3.28E-15,-3.49E-15,0,0,0,0,0,0,3.25E-15,3.26E-15,3.29E-15,1.83E-10,2.11E-10,1.45E-10,1.62E-08,2.25E-08,2.12E-08,-6.29E-10,-8.64E-10,-8.21E-10,-0.175,-0.175,-0.175,-0.515143171,-0.457806699,-0.409827367
3.25E-15,3.25E-15,3.25E-15,-1.49E-15,-3.52E-15,-1.06E-14,-3.25E-15,-3.24E-15,-3.22E-15,7.99E-15,1.01E-14,1.74E-14,-3.26E-15,-3.29E-15,-3.55E-15,0,0,0,0,0,0,3.25E-15,3.26E-15,3.32E-15,3.48E-10,4.02E-10,2.75E-10,3.08E-08,4.28E-08,4.01E-08,-1.20E-09,-1.65E-09,-1.56E-09,-0.2,-0.2,-0.2,-0.515143171,-0.457806699,-0.409827367
3.25E-15,3.25E-15,3.25E-15,-1.47E-15,-3.48E-15,-1.04E-14,-3.25E-15,-3.24E-15,-3.22E-15,7.97E-15,1.00E-14,1.73E-14,-3.26E-15,-3.30E-15,-3.66E-15,0,0,0,0,0,0,3.25E-15,3.27E-15,3.39E-15,6.61E-10,7.64E-10,5.18E-10,5.84E-08,8.09E-08,7.49E-08,-2.28E-09,-3.15E-09,-2.96E-09,-0.225,-0.225,-0.225,-0.515143171,-0.457806699,-0.409827367
3.25E-15,3.25E-15,3.25E-15,-1.45E-15,-3.44E-15,-1.03E-14,-3.25E-15,-3.24E-15,-3.22E-15,7.96E-15,1.00E-14,1.74E-14,-3.26E-15,-3.32E-15,-3.88E-15,0,0,0,0,0,0,3.26E-15,3.28E-15,3.52E-15,1.25E-09,1.44E-09,9.64E-10,1.10E-07,1.52E-07,1.39E-07,-4.32E-09,-5.97E-09,-5.55E-09,-0.25,-0.25,-0.25,-0.515143171,-0.457806699,-0.409827367
3.25E-15,3.25E-15,3.25E-15,-1.44E-15,-3.40E-15,-1.01E-14,-3.25E-15,-3.24E-15,-3.22E-15,7.95E-15,1.00E-14,1.76E-14,-3.26E-15,-3.36E-15,-4.29E-15,0,0,0,0,0,0,3.26E-15,3.30E-15,3.76E-15,2.36E-09,2.70E-09,1.78E-09,2.07E-07,2.83E-07,2.54E-07,-8.16E-09,-1.12E-08,-1.03E-08,-0.275,-0.275,-0.275,-0.515143171,-0.457806699,-0.409827367
3.25E-15,3.25E-15,3.25E-15,-1.42E-15,-3.34E-15,-9.79E-15,-3.25E-15,-3.24E-15,-3.22E-15,7.94E-15,1.00E-14,1.81E-14,-3.27E-15,-3.44E-15,-5.06E-15,0,0,0,0,0,0,3.26E-15,3.34E-15,4.20E-15,4.42E-09,5.01E-09,3.23E-09,3.86E-07,5.22E-07,4.59E-07,-1.53E-08,-2.10E-08,-1.90E-08,-0.3,-0.3,-0.3,-0.515143171,-0.457806699,-0.409827367
3.25E-15,3.25E-15,3.25E-15,-1.40E-15,-3.27E-15,-9.34E-15,-3.25E-15,-3.24E-15,-3.22E-15,7.94E-15,1.01E-14,1.90E-14,-3.29E-15,-3.58E-15,-6.44E-15,0,0,0,0,0,0,3.27E-15,3.43E-15,5.00E-15,8.22E-09,9.19E-09,5.80E-09,7.14E-07,9.50E-07,8.22E-07,-2.87E-08,-3.89E-08,-3.46E-08,-0.325,-0.325,-0.325,-0.515143171,-0.457806699,-0.409827367
3.25E-15,3.25E-15,3.25E-15,-1.38E-15,-3.17E-15,-8.66E-15,-3.25E-15,-3.24E-15,-3.21E-15,7.94E-15,1.03E-14,2.07E-14,-3.31E-15,-3.85E-15,-8.80E-15,0,0,0,0,0,0,3.29E-15,3.58E-15,6.36E-15,1.52E-08,1.66E-08,1.02E-08,1.31E-06,1.71E-06,1.46E-06,-5.32E-08,-7.12E-08,-6.23E-08,-0.35,-0.35,-0.35,-0.515143171,-0.457806699,-0.409827367
3.25E-15,3.25E-15,3.24E-15,-1.35E-15,-3.03E-15,-7.67E-15,-3.25E-15,-3.24E-15,-3.20E-15,7.97E-15,1.06E-14,2.33E-14,-3.37E-15,-4.34E-15,-1.24E-14,0,0,0,0,0,0,3.31E-15,3.85E-15,8.44E-15,2.77E-08,2.96E-08,1.78E-08,2.37E-06,3.04E-06,2.55E-06,-9.79E-08,-1.29E-07,-1.11E-07,-0.375,-0.375,-0.375,-0.515143171,-0.457806699,-0.409827367
3.25E-15,3.25E-15,3.24E-15,-1.32E-15,-2.80E-15,-6.42E-15,-3.25E-15,-3.24E-15,-3.19E-15,8.03E-15,1.12E-14,2.68E-14,-3.46E-15,-5.15E-15,-1.72E-14,0,0,0,0,0,0,3.37E-15,4.30E-15,1.12E-14,4.98E-08,5.16E-08,3.01E-08,4.24E-06,5.35E-06,4.37E-06,-1.78E-07,-2.31E-07,-1.96E-07,-0.4,-0.4,-0.4,-0.515143171,-0.457806699,-0.409827367
3.25E-15,3.25E-15,3.23E-15,-1.26E-15,-2.47E-15,-5.08E-15,-3.25E-15,-3.24E-15,-3.18E-15,8.15E-15,1.21E-14,3.07E-14,-3.64E-15,-6.38E-15,-2.24E-14,0,0,0,0,0,0,3.46E-15,4.98E-15,1.41E-14,8.83E-08,8.83E-08,4.95E-08,7.50E-06,9.28E-06,7.25E-06,-3.21E-07,-4.10E-07,-3.38E-07,-0.425,-0.425,-0.425,-0.515143171,-0.457806699,-0.409827367
3.25E-15,3.25E-15,3.22E-15,-1.18E-15,-2.06E-15,-3.92E-15,-3.25E-15,-3.23E-15,-3.17E-15,8.36E-15,1.33E-14,3.41E-14,-3.94E-15,-7.98E-15,-2.70E-14,0,0,0,0,0,0,3.62E-15,5.87E-15,1.67E-14,1.54E-07,1.47E-07,7.78E-08,1.31E-05,1.58E-05,1.15E-05,-5.73E-07,-7.17E-07,-5.69E-07,-0.45,-0.45,-0.45,-0.515143171,-0.457806699,-0.409827367
3.25E-15,3.25E-15,3.22E-15,-1.06E-15,-1.64E-15,-3.08E-15,-3.25E-15,-3.23E-15,-3.17E-15,8.71E-15,1.46E-14,3.66E-14,-4.40E-15,-9.69E-15,-3.03E-14,0,0,0,0,0,0,3.87E-15,6.81E-15,1.86E-14,2.63E-07,2.37E-07,1.16E-07,2.27E-05,2.59E-05,1.72E-05,-1.01E-06,-1.23E-06,-9.25E-07,-0.475,-0.475,-0.475,-0.515143171,-0.457806699,-0.409827367
3.25E-15,3.24E-15,3.22E-15,-8.98E-16,-1.27E-15,-2.54E-15,-3.24E-15,-3.22E-15,-3.16E-15,9.17E-15,1.57E-14,3.82E-14,-5.03E-15,-1.12E-14,-3.25E-14,0,0,0,0,0,0,4.21E-15,7.62E-15,1.98E-14,4.40E-07,3.66E-07,1.65E-07,3.85E-05,4.07E-05,2.42E-05,-1.76E-06,-2.05E-06,-1.44E-06,-0.5,-0.5,-0.5,-0.515143171,-0.457806699,-0.409827367
3.25E-15,3.24E-15,3.22E-15,-7.23E-16,-1.01E-15,-2.21E-15,-3.24E-15,-3.22E-15,-3.16E-15,9.71E-15,1.65E-14,3.91E-14,-5.74E-15,-1.22E-14,-3.37E-14,0,0,0,0,0,0,4.59E-15,8.20E-15,2.05E-14,7.14E-07,5.42E-07,2.22E-07,6.35E-05,6.02E-05,3.21E-05,-3.01E-06,-3.30E-06,-2.14E-06,-0.525,-0.525,-0.525,-0.515143171,-0.457806699,-0.409827367
3.25E-15,3.24E-15,3.22E-15,-5.64E-16,-8.43E-16,-2.02E-15,-3.24E-15,-3.22E-15,-3.16E-15,1.02E-14,1.70E-14,3.96E-14,-6.39E-15,-1.29E-14,-3.44E-14,0,0,0,0,0,0,4.94E-15,8.57E-15,2.09E-14,1.12E-06,7.64E-07,2.86E-07,0.000100364,8.40E-05,4.03E-05,-5.03E-06,-5.10E-06,-3.05E-06,-0.55,-0.55,-0.55,-0.515143171,-0.457806699,-0.409827367
3.25E-15,3.24E-15,3.22E-15,-4.44E-16,-7.44E-16,-1.90E-15,-3.24E-15,-3.22E-15,-3.16E-15,1.06E-14,1.73E-14,3.98E-14,-6.89E-15,-1.33E-14,-3.48E-14,0,0,0,0,0,0,5.20E-15,8.79E-15,2.11E-14,1.69E-06,1.03E-06,3.55E-07,0.000150415,0.000110331,4.85E-05,-8.14E-06,-7.52E-06,-4.16E-06,-0.575,-0.575,-0.575,-0.515143171,-0.457806699,-0.409827367
3.25E-15,3.24E-15,3.22E-15,-3.65E-16,-6.85E-16,-1.83E-15,-3.24E-15,-3.22E-15,-3.16E-15,1.08E-14,1.74E-14,4.00E-14,-7.22E-15,-1.35E-14,-3.50E-14,0,0,0,0,0,0,5.38E-15,8.90E-15,2.12E-14,2.45E-06,1.34E-06,4.27E-07,0.000212224,0.000137504,5.63E-05,-1.27E-05,-1.06E-05,-5.47E-06,-0.6,-0.6,-0.6,-0.515143171,-0.457806699,-0.409827367
3.25E-15,3.24E-15,3.22E-15,-3.16E-16,-6.50E-16,-1.77E-15,-3.24E-15,-3.22E-15,-3.16E-15,1.10E-14,1.75E-14,4.00E-14,-7.42E-15,-1.36E-14,-3.51E-14,0,0,0,0,0,0,5.48E-15,8.96E-15,2.12E-14,3.40E-06,1.68E-06,5.02E-07,0.000281814,0.000163959,6.35E-05,-1.88E-05,-1.44E-05,-6.97E-06,-0.625,-0.625,-0.625,-0.515143171,-0.457806699,-0.409827367
3.25E-15,3.24E-15,3.22E-15,-2.88E-16,-6.27E-16,-1.72E-15,-3.24E-15,-3.22E-15,-3.16E-15,1.11E-14,1.75E-14,4.01E-14,-7.53E-15,-1.37E-14,-3.52E-14,0,0,0,0,0,0,5.54E-15,9.00E-15,2.13E-14,4.55E-06,2.05E-06,5.79E-07,0.000353932,0.000188734,7.02E-05,-2.68E-05,-1.88E-05,-8.64E-06,-0.65,-0.65,-0.65,-0.515143171,-0.457806699,-0.409827367
3.25E-15,3.24E-15,3.22E-15,-2.71E-16,-6.10E-16,-1.68E-15,-3.24E-15,-3.22E-15,-3.16E-15,1.11E-14,1.76E-14,4.01E-14,-7.59E-15,-1.37E-14,-3.52E-14,0,0,0,0,0,0,5.57E-15,9.01E-15,2.13E-14,5.88E-06,2.46E-06,6.58E-07,0.000423763,0.000211444,7.65E-05,-3.65E-05,-2.38E-05,-1.05E-05,-0.675,-0.675,-0.675,-0.515143171,-0.457806699,-0.409827367
3.25E-15,3.24E-15,3.22E-15,-2.61E-16,-5.97E-16,-1.65E-15,-3.24E-15,-3.22E-15,-3.16E-15,1.11E-14,1.76E-14,4.01E-14,-7.63E-15,-1.38E-14,-3.53E-14,0,0,0,0,0,0,5.59E-15,9.02E-15,2.13E-14,7.39E-06,2.89E-06,7.39E-07,0.000488072,0.000232126,8.24E-05,-4.79E-05,-2.94E-05,-1.25E-05,-0.7,-0.7,-0.7,-0.515143171,-0.457806699,-0.409827367
3.25E-15,3.24E-15,3.22E-15,-2.54E-16,-5.86E-16,-1.61E-15,-3.24E-15,-3.22E-15,-3.16E-15,1.11E-14,1.76E-14,4.01E-14,-7.65E-15,-1.38E-14,-3.53E-14,0,0,0,0,0,0,5.60E-15,9.03E-15,2.13E-14,9.06E-06,3.36E-06,8.24E-07,0.000545434,0.000251046,8.80E-05,-6.08E-05,-3.54E-05,-1.46E-05,-0.725,-0.725,-0.725,-0.515143171,-0.457806699,-0.409827367
3.25E-15,3.24E-15,3.22E-15,-2.49E-16,-5.75E-16,-1.58E-15,-3.24E-15,-3.22E-15,-3.16E-15,1.11E-14,1.76E-14,4.01E-14,-7.66E-15,-1.38E-14,-3.53E-14,0,0,0,0,0,0,5.60E-15,9.03E-15,2.13E-14,1.09E-05,3.86E-06,9.12E-07,0.000595835,0.000268543,9.35E-05,-7.51E-05,-4.19E-05,-1.69E-05,-0.75,-0.75,-0.75,-0.515143171,-0.457806699,-0.409827367
3.25E-15,3.24E-15,3.22E-15,-2.44E-16,-5.65E-16,-1.54E-15,-3.24E-15,-3.22E-15,-3.16E-15,1.11E-14,1.76E-14,4.01E-14,-7.66E-15,-1.38E-14,-3.54E-14,0,0,0,0,0,0,5.60E-15,9.03E-15,2.13E-14,1.29E-05,4.40E-06,1.00E-06,0.00064007,0.000284945,9.88E-05,-9.06E-05,-4.88E-05,-1.93E-05,-0.775,-0.775,-0.775,-0.515143171,-0.457806699,-0.409827367
3.25E-15,3.24E-15,3.22E-15,-2.41E-16,-5.56E-16,-1.51E-15,-3.24E-15,-3.22E-15,-3.17E-15,1.11E-14,1.76E-14,4.01E-14,-7.67E-15,-1.38E-14,-3.54E-14,0,0,0,0,0,0,5.61E-15,9.03E-15,2.13E-14,1.51E-05,4.97E-06,1.10E-06,0.000679241,0.000300523,0.000103955,-0.000107079,-5.61E-05,-2.18E-05,-0.8,-0.8,-0.8,-0.515143171,-0.457806699,-0.409827367
3.25E-15,3.24E-15,3.22E-15,-2.37E-16,-5.46E-16,-1.48E-15,-3.24E-15,-3.22E-15,-3.17E-15,1.11E-14,1.76E-14,4.01E-14,-7.67E-15,-1.38E-14,-3.54E-14,0,0,0,0,0,0,5.61E-15,9.03E-15,2.13E-14,1.75E-05,5.59E-06,1.20E-06,0.000714437,0.000315483,0.000109093,-0.000124507,-6.38E-05,-2.45E-05,-0.825,-0.825,-0.825,-0.515143171,-0.457806699,-0.409827367
3.25E-15,3.24E-15,3.23E-15,-2.34E-16,-5.37E-16,-1.44E-15,-3.24E-15,-3.22E-15,-3.17E-15,1.11E-14,1.76E-14,4.01E-14,-7.68E-15,-1.38E-14,-3.54E-14,0,0,0,0,0,0,5.61E-15,9.03E-15,2.13E-14,2.00E-05,6.25E-06,1.31E-06,0.00074658,0.000329968,0.000114184,-0.000142775,-7.19E-05,-2.73E-05,-0.85,-0.85,-0.85,-0.515143171,-0.457806699,-0.409827367
3.25E-15,3.24E-15,3.23E-15,-2.30E-16,-5.27E-16,-1.41E-15,-3.24E-15,-3.22E-15,-3.17E-15,1.11E-14,1.76E-14,4.01E-14,-7.68E-15,-1.38E-14,-3.55E-14,0,0,0,0,0,0,5.61E-15,9.03E-15,2.13E-14,2.27E-05,6.96E-06,1.42E-06,0.000776381,0.000344075,0.000119237,-0.000161816,-8.03E-05,-3.02E-05,-0.875,-0.875,-0.875,-0.515143171,-0.457806699,-0.409827367
3.25E-15,3.24E-15,3.23E-15,-2.27E-16,-5.18E-16,-1.38E-15,-3.24E-15,-3.22E-15,-3.17E-15,1.11E-14,1.76E-14,4.01E-14,-7.68E-15,-1.38E-14,-3.55E-14,0,0,0,0,0,0,5.61E-15,9.03E-15,2.13E-14,2.56E-05,7.72E-06,1.54E-06,0.00080435,0.000357862,0.000124256,-0.000181579,-8.91E-05,-3.32E-05,-0.9,-0.9,-0.9,-0.515143171,-0.457806699,-0.409827367
3.25E-15,3.24E-15,3.23E-15,-2.24E-16,-5.09E-16,-1.35E-15,-3.24E-15,-3.22E-15,-3.17E-15,1.11E-14,1.76E-14,4.01E-14,-7.69E-15,-1.39E-14,-3.55E-14,0,0,0,0,0,0,5.61E-15,9.03E-15,2.13E-14,2.87E-05,8.53E-06,1.67E-06,0.000830836,0.000371362,0.000129242,-0.000202021,-9.82E-05,-3.64E-05,-0.925,-0.925,-0.925,-0.515143171,-0.457806699,-0.409827367
3.25E-15,3.24E-15,3.23E-15,-2.21E-16,-5.00E-16,-1.31E-15,-3.24E-15,-3.22E-15,-3.18E-15,1.11E-14,1.76E-14,4.01E-14,-7.69E-15,-1.39E-14,-3.56E-14,0,0,0,0,0,0,5.61E-15,9.03E-15,2.13E-14,3.20E-05,9.39E-06,1.81E-06,0.000856066,0.00038459,0.000134194,-0.00022311,-0.000107679,-3.97E-05,-0.95,-0.95,-0.95,-0.515143171,-0.457806699,-0.409827367
3.25E-15,3.24E-15,3.24E-15,-2.18E-16,-4.91E-16,-1.28E-15,-3.24E-15,-3.22E-15,-3.18E-15,1.11E-14,1.76E-14,4.00E-14,-7.69E-15,-1.39E-14,-3.56E-14,0,0,0,0,0,0,5.61E-15,9.03E-15,2.13E-14,3.55E-05,1.03E-05,1.95E-06,0.000880179,0.000397552,0.00013911,-0.000244815,-0.000117456,-4.31E-05,-0.975,-0.975,-0.975,-0.515143171,-0.457806699,-0.409827367
3.25E-15,3.25E-15,3.24E-15,-2.15E-16,-4.82E-16,-1.25E-15,-3.24E-15,-3.22E-15,-3.18E-15,1.11E-14,1.76E-14,4.00E-14,-7.69E-15,-1.39E-14,-3.56E-14,0,0,0,0,0,0,5.61E-15,9.03E-15,2.13E-14,3.92E-05,1.13E-05,2.10E-06,0.000903256,0.000410245,0.000143987,-0.00026711,-0.000127554,-4.66E-05,-1,-1,-1,-0.515143171,-0.457806699,-0.409827367
3.25E-15,3.25E-15,3.24E-15,-2.11E-16,-4.73E-16,-1.22E-15,-3.24E-15,-3.22E-15,-3.18E-15,1.11E-14,1.76E-14,4.00E-14,-7.70E-15,-1.39E-14,-3.56E-14,0,0,0,0,0,0,5.61E-15,9.03E-15,2.13E-14,4.32E-05,1.24E-05,2.27E-06,0.000925342,0.000422665,0.000148822,-0.00028997,-0.000137966,-5.03E-05,-1.025,-1.025,-1.025,-0.515143171,-0.457806699,-0.409827367
3.25E-15,3.25E-15,3.24E-15,-2.08E-16,-4.64E-16,-1.18E-15,-3.24E-15,-3.23E-15,-3.19E-15,1.11E-14,1.76E-14,4.00E-14,-7.70E-15,-1.39E-14,-3.57E-14,0,0,0,0,0,0,5.61E-15,9.03E-15,2.13E-14,4.73E-05,1.35E-05,2.45E-06,0.000946458,0.000434806,0.000153612,-0.000313369,-0.000148685,-5.41E-05,-1.05,-1.05,-1.05,-0.515143171,-0.457806699,-0.409827367
3.25E-15,3.25E-15,3.25E-15,-2.05E-16,-4.55E-16,-1.15E-15,-3.24E-15,-3.23E-15,-3.19E-15,1.11E-14,1.76E-14,4.00E-14,-7.70E-15,-1.39E-14,-3.57E-14,0,0,0,0,0,0,5.61E-15,9.03E-15,2.13E-14,5.18E-05,1.47E-05,2.64E-06,0.000966614,0.000446661,0.000158354,-0.000337285,-0.000159704,-5.80E-05,-1.075,-1.075,-1.075,-0.515143171,-0.457806699,-0.409827367
3.25E-15,3.25E-15,3.25E-15,-2.02E-16,-4.46E-16,-1.12E-15,-3.24E-15,-3.23E-15,-3.20E-15,1.11E-14,1.76E-14,4.00E-14,-7.70E-15,-1.39E-14,-3.57E-14,0,0,0,0,0,0,5.61E-15,9.03E-15,2.13E-14,5.65E-05,1.60E-05,2.84E-06,0.000985814,0.000458223,0.000163046,-0.000361692,-0.000171015,-6.20E-05,-1.1,-1.1,-1.1,-0.515143171,-0.457806699,-0.409827367
3.25E-15,3.25E-15,3.26E-15,-1.99E-16,-4.37E-16,-1.09E-15,-3.24E-15,-3.23E-15,-3.20E-15,1.11E-14,1.76E-14,4.00E-14,-7.71E-15,-1.39E-14,-3.58E-14,0,0,0,0,0,0,5.61E-15,9.03E-15,2.13E-14,6.14E-05,1.73E-05,3.06E-06,0.001004057,0.000469487,0.000167685,-0.000386568,-0.000182612,-6.61E-05,-1.125,-1.125,-1.125,-0.515143171,-0.457806699,-0.409827367
3.25E-15,3.25E-15,3.26E-15,-1.96E-16,-4.28E-16,-1.06E-15,-3.24E-15,-3.23E-15,-3.21E-15,1.11E-14,1.76E-14,4.00E-14,-7.71E-15,-1.39E-14,-3.58E-14,0,0,0,0,0,0,5.61E-15,9.03E-15,2.13E-14,6.67E-05,1.88E-05,3.30E-06,0.001021345,0.000480447,0.000172268,-0.000411887,-0.000194487,-7.04E-05,-1.15,-1.15,-1.15,-0.515143171,-0.457806699,-0.409827367
3.25E-15,3.25E-15,3.27E-15,-1.93E-16,-4.19E-16,-1.03E-15,-3.24E-15,-3.23E-15,-3.21E-15,1.11E-14,1.76E-14,4.00E-14,-7.71E-15,-1.39E-14,-3.58E-14,0,0,0,0,0,0,5.61E-15,9.03E-15,2.13E-14,7.22E-05,2.03E-05,3.57E-06,0.00103768,0.000491099,0.000176792,-0.000437627,-0.000206632,-7.47E-05,-1.175,-1.175,-1.175,-0.515143171,-0.457806699,-0.409827367
3.25E-15,3.25E-15,3.27E-15,-1.90E-16,-4.10E-16,-9.93E-16,-3.24E-15,-3.23E-15,-3.22E-15,1.11E-14,1.76E-14,4.00E-14,-7.71E-15,-1.39E-14,-3.58E-14,0,0,0,0,0,0,5.61E-15,9.03E-15,2.13E-14,7.80E-05,2.20E-05,3.85E-06,0.001053065,0.000501438,0.000181254,-0.000463763,-0.00021904,-7.92E-05,-1.2,-1.2,-1.2,-0.515143171,-0.457806699,-0.409827367
3.25E-15,3.25E-15,3.28E-15,-1.87E-16,-4.01E-16,-9.62E-16,-3.24E-15,-3.23E-15,-3.22E-15,1.11E-14,1.76E-14,4.00E-14,-7.72E-15,-1.39E-14,-3.59E-14,0,0,0,0,0,0,5.61E-15,9.03E-15,2.13E-14,8.42E-05,2.37E-05,4.17E-06,0.001067505,0.000511459,0.00018565,-0.000490272,-0.000231701,-8.38E-05,-1.225,-1.225,-1.225,-0.515143171,-0.457806699,-0.409827367
3.25E-15,3.25E-15,3.29E-15,-1.84E-16,-3.93E-16,-9.30E-16,-3.24E-15,-3.23E-15,-3.23E-15,1.11E-14,1.76E-14,4.01E-14,-7.72E-15,-1.40E-14,-3.59E-14,0,0,0,0,0,0,5.61E-15,9.03E-15,2.13E-14,9.06E-05,2.56E-05,4.53E-06,0.001081005,0.000521158,0.000189974,-0.000517131,-0.00024461,-8.85E-05,-1.25,-1.25,-1.25,-0.515143171,-0.457806699,-0.409827367
3.25E-15,3.26E-15,3.29E-15,-1.81E-16,-3.84E-16,-8.98E-16,-3.24E-15,-3.23E-15,-3.24E-15,1.11E-14,1.76E-14,4.01E-14,-7.72E-15,-1.40E-14,-3.59E-14,0,0,0,0,0,0,5.61E-15,9.03E-15,2.13E-14,9.74E-05,2.76E-05,4.93E-06,0.001093572,0.000530528,0.000194221,-0.000544315,-0.000257757,-9.33E-05,-1.275,-1.275,-1.275,-0.515143171,-0.457806699,-0.409827367
3.25E-15,3.26E-15,3.30E-15,-1.78E-16,-3.75E-16,-8.67E-16,-3.24E-15,-3.24E-15,-3.25E-15,1.11E-14,1.76E-14,4.01E-14,-7.72E-15,-1.40E-14,-3.59E-14,0,0,0,0,0,0,5.61E-15,9.03E-15,2.13E-14,0.000104615,2.98E-05,5.39E-06,0.001105212,0.000539561,0.000198382,-0.000571801,-0.000271133,-9.82E-05,-1.3,-1.3,-1.3,-0.515143171,-0.457806699,-0.409827367
3.25E-15,3.26E-15,3.31E-15,-1.75E-16,-3.66E-16,-8.35E-16,-3.24E-15,-3.24E-15,-3.26E-15,1.11E-14,1.76E-14,4.01E-14,-7.73E-15,-1.40E-14,-3.60E-14,0,0,0,0,0,0,5.61E-15,9.03E-15,2.13E-14,0.000112174,3.21E-05,5.91E-06,0.00111593,0.000548247,0.000202447,-0.000599568,-0.000284732,-0.000103213,-1.325,-1.325,-1.325,-0.515143171,-0.457806699,-0.409827367
3.25E-15,3.26E-15,3.32E-15,-1.72E-16,-3.58E-16,-8.03E-16,-3.24E-15,-3.24E-15,-3.27E-15,1.11E-14,1.76E-14,4.01E-14,-7.73E-15,-1.40E-14,-3.60E-14,0,0,0,0,0,0,5.61E-15,9.03E-15,2.13E-14,0.000120137,3.47E-05,6.52E-06,0.00112573,0.000556574,0.0002064,-0.00062759,-0.000298543,-0.000108324,-1.35,-1.35,-1.35,-0.515143171,-0.457806699,-0.409827367
3.25E-15,3.26E-15,3.33E-15,-1.69E-16,-3.49E-16,-7.72E-16,-3.24E-15,-3.24E-15,-3.29E-15,1.11E-14,1.76E-14,4.01E-14,-7.73E-15,-1.40E-14,-3.60E-14,0,0,0,0,0,0,5.61E-15,9.03E-15,2.13E-14,0.000128529,3.74E-05,7.23E-06,0.001134614,0.000564524,0.000210225,-0.000655847,-0.000312557,-0.000113532,-1.375,-1.375,-1.375,-0.515143171,-0.457806699,-0.409827367
3.25E-15,3.27E-15,3.35E-15,-1.66E-16,-3.40E-16,-7.40E-16,-3.24E-15,-3.24E-15,-3.30E-15,1.11E-14,1.76E-14,4.01E-14,-7.73E-15,-1.40E-14,-3.60E-14,0,0,0,0,0,0,5.61E-15,9.03E-15,2.13E-14,0.000137381,4.04E-05,8.09E-06,0.001142583,0.000572073,0.000213895,-0.000684313,-0.000326766,-0.000118834,-1.4,-1.4,-1.4,-0.515143171,-0.457806699,-0.409827367
3.25E-15,3.27E-15,3.36E-15,-1.63E-16,-3.32E-16,-7.08E-16,-3.24E-15,-3.25E-15,-3.32E-15,1.11E-14,1.76E-14,4.01E-14,-7.74E-15,-1.40E-14,-3.61E-14,0,0,0,0,0,0,5.61E-15,9.03E-15,2.13E-14,0.000146725,4.37E-05,9.12E-06,0.001149632,0.000579194,0.000217381,-0.000712968,-0.000341157,-0.000124225,-1.425,-1.425,-1.425,-0.515143171,-0.457806699,-0.409827367
3.26E-15,3.27E-15,3.38E-15,-1.60E-16,-3.23E-16,-6.76E-16,-3.24E-15,-3.25E-15,-3.34E-15,1.11E-14,1.76E-14,4.01E-14,-7.74E-15,-1.40E-14,-3.61E-14,0,0,0,0,0,0,5.61E-15,9.02E-15,2.13E-14,0.000156602,4.73E-05,1.04E-05,0.001155753,0.000585846,0.000220643,-0.000741787,-0.000355721,-0.000129701,-1.45,-1.45,-1.45,-0.515143171,-0.457806699,-0.409827367
3.26E-15,3.27E-15,3.40E-15,-1.58E-16,-3.14E-16,-6.44E-16,-3.24E-15,-3.25E-15,-3.36E-15,1.11E-14,1.76E-14,4.01E-14,-7.74E-15,-1.40E-14,-3.61E-14,0,0,0,0,0,0,5.60E-15,9.02E-15,2.13E-14,0.00016706,5.14E-05,1.19E-05,0.00116093,0.000591982,0.000223635,-0.000770748,-0.000370445,-0.000135255,-1.475,-1.475,-1.475,-0.515143171,-0.457806699,-0.409827367
3.26E-15,3.28E-15,3.42E-15,-1.55E-16,-3.05E-16,-6.12E-16,-3.25E-15,-3.25E-15,-3.38E-15,1.11E-14,1.76E-14,4.01E-14,-7.74E-15,-1.40E-14,-3.61E-14,0,0,0,0,0,0,5.60E-15,9.02E-15,2.13E-14,0.000178157,5.59E-05,1.38E-05,0.001165142,0.00059754,0.000226305,-0.000799826,-0.000385316,-0.00014088,-1.5,-1.5,-1.5,-0.515143171,-0.457806699,-0.409827367
3.26E-15,3.28E-15,3.45E-15,-1.52E-16,-2.97E-16,-5.80E-16,-3.25E-15,-3.26E-15,-3.41E-15,1.11E-14,1.76E-14,4.01E-14,-7.75E-15,-1.40E-14,-3.62E-14,0,0,0,0,0,0,5.60E-15,9.02E-15,2.13E-14,0.000189961,6.11E-05,1.61E-05,0.001168358,0.000602446,0.000228597,-0.000828997,-0.000400317,-0.000146567,-1.525,-1.525,-1.525,-0.515143171,-0.457806699,-0.409827367
3.26E-15,3.29E-15,3.47E-15,-1.49E-16,-2.88E-16,-5.48E-16,-3.25E-15,-3.26E-15,-3.44E-15,1.11E-14,1.76E-14,4.02E-14,-7.75E-15,-1.40E-14,-3.62E-14,0,0,0,0,0,0,5.60E-15,9.02E-15,2.12E-14,0.000202557,6.70E-05,1.89E-05,0.001170539,0.000606617,0.000230461,-0.000858235,-0.000415432,-0.000152306,-1.55,-1.55,-1.55,-0.515143171,-0.457806699,-0.409827367
3.26E-15,3.29E-15,3.51E-15,-1.46E-16,-2.79E-16,-5.16E-16,-3.25E-15,-3.27E-15,-3.47E-15,1.11E-14,1.76E-14,4.02E-14,-7.75E-15,-1.40E-14,-3.62E-14,0,0,0,0,0,0,5.60E-15,9.02E-15,2.12E-14,0.000216042,7.38E-05,2.22E-05,0.001171631,0.000609961,0.000231859,-0.000887514,-0.000430641,-0.000158086,-1.575,-1.575,-1.575,-0.515143171,-0.457806699,-0.409827367
3.26E-15,3.29E-15,3.54E-15,-1.43E-16,-2.71E-16,-4.83E-16,-3.25E-15,-3.27E-15,-3.51E-15,1.11E-14,1.76E-14,4.02E-14,-7.75E-15,-1.40E-14,-3.62E-14,0,0,0,0,0,0,5.60E-15,9.02E-15,2.12E-14,0.000230536,8.16E-05,2.61E-05,0.001171569,0.000612387,0.000232774,-0.000916807,-0.000445922,-0.000163895,-1.6,-1.6,-1.6,-0.515143171,-0.457806699,-0.409827367
3.26E-15,3.30E-15,3.58E-15,-1.40E-16,-2.62E-16,-4.51E-16,-3.25E-15,-3.28E-15,-3.55E-15,1.11E-14,1.76E-14,4.02E-14,-7.75E-15,-1.41E-14,-3.62E-14,0,0,0,0,0,0,5.60E-15,9.01E-15,2.12E-14,0.000246172,9.05E-05,3.05E-05,0.001170278,0.000613818,0.000233211,-0.000946083,-0.000461252,-0.000169721,-1.625,-1.625,-1.625,-0.515143171,-0.457806699,-0.409827367
3.26E-15,3.31E-15,3.63E-15,-1.37E-16,-2.53E-16,-4.18E-16,-3.25E-15,-3.28E-15,-3.60E-15,1.11E-14,1.76E-14,4.02E-14,-7.76E-15,-1.41E-14,-3.62E-14,0,0,0,0,0,0,5.60E-15,9.01E-15,2.12E-14,0.000263098,0.000100538,3.55E-05,0.001167672,0.000614203,0.000233202,-0.00097531,-0.000476605,-0.000175552,-1.65,-1.65,-1.65,-0.515143171,-0.457806699,-0.409827367
3.26E-15,3.31E-15,3.68E-15,-1.34E-16,-2.45E-16,-3.85E-16,-3.25E-15,-3.29E-15,-3.65E-15,1.11E-14,1.76E-14,4.03E-14,-7.76E-15,-1.41E-14,-3.62E-14,0,0,0,0,0,0,5.60E-15,9.01E-15,2.12E-14,0.000281468,0.000111859,4.09E-05,0.001163665,0.000613529,0.000232795,-0.001004455,-0.000491953,-0.000181378,-1.675,-1.675,-1.675,-0.515143171,-0.457806699,-0.409827367
3.26E-15,3.32E-15,3.73E-15,-1.31E-16,-2.36E-16,-3.52E-16,-3.25E-15,-3.30E-15,-3.72E-15,1.11E-14,1.76E-14,4.03E-14,-7.76E-15,-1.41E-14,-3.62E-14,0,0,0,0,0,0,5.60E-15,9.01E-15,2.12E-14,0.000301424,0.000124392,4.67E-05,0.001158179,0.000611827,0.000232048,-0.001033481,-0.000507272,-0.000187189,-1.7,-1.7,-1.7,-0.515143171,-0.457806699,-0.409827367
3.27E-15,3.33E-15,3.80E-15,-1.29E-16,-2.27E-16,-3.18E-16,-3.25E-15,-3.31E-15,-3.79E-15,1.11E-14,1.76E-14,4.03E-14,-7.76E-15,-1.41E-14,-3.62E-14,0,0,0,0,0,0,5.60E-15,9.00E-15,2.11E-14,0.000323082,0.000138057,5.29E-05,0.001151157,0.000609168,0.000231023,-0.001062351,-0.000522537,-0.000192978,-1.725,-1.725,-1.725,-0.515143171,-0.457806699,-0.409827367
3.27E-15,3.34E-15,3.87E-15,-1.26E-16,-2.19E-16,-2.85E-16,-3.25E-15,-3.31E-15,-3.86E-15,1.11E-14,1.76E-14,4.04E-14,-7.77E-15,-1.41E-14,-3.62E-14,0,0,0,0,0,0,5.60E-15,9.00E-15,2.11E-14,0.000346507,0.000152728,5.92E-05,0.00114258,0.000605656,0.000229777,-0.001091026,-0.000537724,-0.000198738,-1.75,-1.75,-1.75,-0.515143171,-0.457806699,-0.409827367
3.27E-15,3.35E-15,3.95E-15,-1.23E-16,-2.10E-16,-2.51E-16,-3.26E-15,-3.32E-15,-3.95E-15,1.11E-14,1.76E-14,4.04E-14,-7.77E-15,-1.41E-14,-3.62E-14,0,0,0,0,0,0,5.60E-15,8.99E-15,2.11E-14,0.000371698,0.000168254,6.58E-05,0.001132478,0.000601412,0.000228358,-0.001119467,-0.000552813,-0.000204465,-1.775,-1.775,-1.775,-0.515143171,-0.457806699,-0.409827367
3.27E-15,3.36E-15,4.04E-15,-1.20E-16,-2.01E-16,-2.17E-16,-3.26E-15,-3.34E-15,-4.05E-15,1.11E-14,1.76E-14,4.05E-14,-7.77E-15,-1.41E-14,-3.62E-14,0,0,0,0,0,0,5.60E-15,8.99E-15,2.10E-14,0.00039858,0.000184473,7.25E-05,0.001120932,0.000596563,0.000226807,-0.001147638,-0.000567789,-0.000210155,-1.8,-1.8,-1.8,-0.515143171,-0.457806699,-0.409827367
,,,,,,,,,,,,,,,,,,,,,,,,,,,,,,,,,,,,,,
,,,1.63693E-15,3.8633E-15,1.15959E-14,3.24801E-15,3.24159E-15,3.21968E-15,,,,3.25394E-15,3.27915E-15,3.44737E-15,,,,,,,,,,,,,,,,6.73868E-12,8.76271E-12,8.29421E-12,0,0,0,0.515143171,0.457806699,0.409827367
,,,1.61551E-15,3.81536E-15,1.14579E-14,3.24808E-15,3.24173E-15,3.22007E-15,,,,3.25394E-15,3.27889E-15,3.44569E-15,,,,,,,,,,,,,,,,1.28923E-11,1.69212E-11,1.60589E-11,0.025,0.025,0.025,0.515143171,0.457806699,0.409827367
,,,1.5949E-15,3.76912E-15,1.13245E-14,3.24814E-15,3.24187E-15,3.22045E-15,,,,3.25394E-15,3.2787E-15,3.44461E-15,,,,,,,,,,,,,,,,2.46683E-11,3.26694E-11,3.10755E-11,0.05,0.05,0.05,0.515143171,0.457806699,0.409827367
,,,1.57504E-15,3.72448E-15,1.11953E-14,3.24821E-15,3.24201E-15,3.22081E-15,,,,3.25396E-15,3.27862E-15,3.44462E-15,,,,,,,,,,,,,,,,4.71943E-11,6.30434E-11,6.00734E-11,0.075,0.075,0.075,0.515143171,0.457806699,0.409827367
,,,1.5559E-15,3.68132E-15,1.10698E-14,3.24827E-15,3.24213E-15,3.22115E-15,,,,3.254E-15,3.27874E-15,3.4467E-15,,,,,,,,,,,,,,,,9.02604E-11,1.21561E-10,1.15956E-10,0.1,0.1,0.1,0.515143171,0.457806699,0.409827367
,,,1.53741E-15,3.63951E-15,1.09473E-14,3.24833E-15,3.24226E-15,3.22148E-15,,,,3.25408E-15,3.27924E-15,3.45272E-15,,,,,,,,,,,,,,,,1.72533E-10,2.34126E-10,2.23354E-10,0.125,0.125,0.125,0.515143171,0.457806699,0.409827367
,,,1.51955E-15,3.59888E-15,1.08266E-14,3.24839E-15,3.24237E-15,3.22178E-15,,,,3.25423E-15,3.28047E-15,3.46632E-15,,,,,,,,,,,,,,,,3.29544E-10,4.50204E-10,4.28987E-10,0.15,0.15,0.15,0.515143171,0.457806699,0.409827367
,,,1.50225E-15,3.55918E-15,1.07057E-14,3.24844E-15,3.24248E-15,3.22203E-15,,,,3.25453E-15,3.28311E-15,3.49454E-15,,,,,,,,,,,,,,,,6.2876E-10,8.63808E-10,8.20785E-10,0.175,0.175,0.175,0.515143171,0.457806699,0.409827367
,,,1.48544E-15,3.52E-15,1.05808E-14,3.2485E-15,3.24258E-15,3.22222E-15,,,,3.2551E-15,3.28846E-15,3.55101E-15,,,,,,,,,,,,,,,,1.19788E-09,1.6525E-09,1.56256E-09,0.2,0.2,0.2,0.515143171,0.457806699,0.409827367
,,,1.46904E-15,3.48065E-15,1.04452E-14,3.24855E-15,3.24267E-15,3.22227E-15,,,,3.25621E-15,3.29905E-15,3.66186E-15,,,,,,,,,,,,,,,,2.27755E-09,3.1489E-09,2.95574E-09,0.225,0.225,0.225,0.515143171,0.457806699,0.409827367
,,,1.45288E-15,3.43984E-15,1.02859E-14,3.24859E-15,3.24273E-15,3.22209E-15,,,,3.25833E-15,3.31969E-15,3.87659E-15,,,,,,,,,,,,,,,,4.31866E-09,5.96971E-09,5.54726E-09,0.25,0.25,0.25,0.515143171,0.457806699,0.409827367
,,,1.43672E-15,3.39521E-15,1.00799E-14,3.24863E-15,3.24273E-15,3.22146E-15,,,,3.2624E-15,3.35965E-15,4.28691E-15,,,,,,,,,,,,,,,,8.15968E-09,1.12439E-08,1.03152E-08,0.275,0.275,0.275,0.515143171,0.457806699,0.409827367
,,,1.42009E-15,3.34238E-15,9.78655E-15,3.24866E-15,3.24265E-15,3.22003E-15,,,,3.27019E-15,3.43631E-15,5.05512E-15,,,,,,,,,,,,,,,,1.53449E-08,2.10088E-08,1.89865E-08,0.3,0.3,0.3,0.515143171,0.457806699,0.409827367
,,,1.40213E-15,3.27347E-15,9.34125E-15,3.24867E-15,3.2424E-15,3.2172E-15,,,,3.28505E-15,3.58168E-15,6.44371E-15,,,,,,,,,,,,,,,,2.86853E-08,3.88868E-08,3.458E-08,0.325,0.325,0.325,0.515143171,0.457806699,0.409827367
,,,1.3813E-15,3.17483E-15,8.65927E-15,3.24864E-15,3.24185E-15,3.21218E-15,,,,3.31324E-15,3.85181E-15,8.80444E-15,,,,,,,,,,,,,,,,5.32279E-08,7.1231E-08,6.23288E-08,0.35,0.35,0.35,0.515143171,0.457806699,0.409827367
,,,1.35479E-15,3.02513E-15,7.67352E-15,3.24854E-15,3.24078E-15,3.20431E-15,,,,3.36627E-15,4.33582E-15,1.24308E-14,,,,,,,,,,,,,,,,9.79028E-08,1.29066E-07,1.11157E-07,0.375,0.375,0.375,0.515143171,0.457806699,0.409827367
,,,1.31777E-15,2.79727E-15,6.41791E-15,3.24832E-15,3.23891E-15,3.19382E-15,,,,3.46435E-15,5.1495E-15,1.72182E-14,,,,,,,,,,,,,,,,1.78291E-07,2.3133E-07,1.95709E-07,0.4,0.4,0.4,0.515143171,0.457806699,0.409827367
,,,1.26248E-15,2.47181E-15,5.08329E-15,3.2479E-15,3.23602E-15,3.1824E-15,,,,3.64028E-15,6.3815E-15,2.24165E-14,,,,,,,,,,,,,,,,3.21265E-07,4.09959E-07,3.38314E-07,0.425,0.425,0.425,0.515143171,0.457806699,0.409827367
,,,1.17849E-15,2.06389E-15,3.92277E-15,3.24715E-15,3.23224E-15,3.17241E-15,,,,3.93918E-15,7.98009E-15,2.69904E-14,,,,,,,,,,,,,,,,5.72704E-07,7.16657E-07,5.69417E-07,0.45,0.45,0.45,0.515143171,0.457806699,0.409827367
,,,1.0565E-15,1.63785E-15,3.07822E-15,3.24595E-15,3.22819E-15,3.16525E-15,,,,4.40309E-15,9.68518E-15,3.03296E-14,,,,,,,,,,,,,,,,1.00979E-06,1.22906E-06,9.24831E-07,0.475,0.475,0.475,0.515143171,0.457806699,0.409827367
,,,8.97845E-16,1.27308E-15,2.53668E-15,3.24432E-15,3.2247E-15,3.16091E-15,,,,5.03092E-15,1.11628E-14,3.24529E-14,,,,,,,,,,,,,,,,1.75822E-06,2.05115E-06,1.43975E-06,0.5,0.5,0.5,0.515143171,0.457806699,0.409827367
,,,7.23067E-16,1.01057E-15,2.21226E-15,3.24246E-15,3.22221E-15,3.15863E-15,,,,5.73969E-15,1.22305E-14,3.36908E-14,,,,,,,,,,,,,,,,3.01019E-06,3.30274E-06,2.14181E-06,0.525,0.525,0.525,0.515143171,0.457806699,0.409827367
,,,5.64346E-16,8.43462E-16,2.02058E-15,3.24075E-15,3.22069E-15,3.15766E-15,,,,6.39317E-15,1.29055E-14,3.43808E-14,,,,,,,,,,,,,,,,5.03104E-06,5.09827E-06,3.04664E-06,0.55,0.55,0.55,0.515143171,0.457806699,0.409827367
,,,4.44026E-16,7.43881E-16,1.90333E-15,3.23945E-15,3.21988E-15,3.15746E-15,,,,6.89247E-15,1.32981E-14,3.47602E-14,,,,,,,,,,,,,,,,8.13871E-06,7.52356E-06,4.15737E-06,0.575,0.575,0.575,0.515143171,0.457806699,0.409827367
,,,3.64552E-16,6.85402E-16,1.82599E-15,3.23861E-15,3.21952E-15,3.1577E-15,,,,7.22215E-15,1.35167E-14,3.49718E-14,,,,,,,,,,,,,,,,1.26505E-05,1.06216E-05,5.46763E-06,0.6,0.6,0.6,0.515143171,0.457806699,0.409827367
,,,3.16311E-16,6.49961E-16,1.76957E-15,3.23812E-15,3.2194E-15,3.15821E-15,,,,7.41969E-15,1.36366E-14,3.5095E-14,,,,,,,,,,,,,,,,1.88151E-05,1.43926E-05,6.96573E-06,0.625,0.625,0.625,0.515143171,0.457806699,0.409827367
,,,2.88032E-16,6.26888E-16,1.72402E-15,3.23788E-15,3.21944E-15,3.15888E-15,,,,7.53161E-15,1.37031E-14,3.51721E-14,,,,,,,,,,,,,,,,2.67621E-05,1.88054E-05,8.63842E-06,0.65,0.65,0.65,0.515143171,0.457806699,0.409827367
,,,2.71303E-16,6.10315E-16,1.68414E-15,3.23777E-15,3.21956E-15,3.15969E-15,,,,7.59342E-15,1.37414E-14,3.52254E-14,,,,,,,,,,,,,,,,3.64922E-05,2.3812E-05,1.04733E-05,0.675,0.675,0.675,0.515143171,0.457806699,0.409827367
,,,2.6091E-16,5.97133E-16,1.64725E-15,3.23774E-15,3.21973E-15,3.1606E-15,,,,7.62749E-15,1.37649E-14,3.52665E-14,,,,,,,,,,,,,,,,4.79037E-05,2.93606E-05,1.24601E-05,0.7,0.7,0.7,0.515143171,0.457806699,0.409827367
,,,2.53899E-16,5.85724E-16,1.61197E-15,3.23776E-15,3.21993E-15,3.16161E-15,,,,7.64663E-15,1.37808E-14,3.53012E-14,,,,,,,,,,,,,,,,6.08375E-05,3.54036E-05,1.45908E-05,0.725,0.725,0.725,0.515143171,0.457806699,0.409827367
,,,2.48671E-16,5.75251E-16,1.5776E-15,3.23781E-15,3.22017E-15,3.16272E-15,,,,7.65787E-15,1.37928E-14,3.53327E-14,,,,,,,,,,,,,,,,7.51172E-05,4.1901E-05,1.68596E-05,0.75,0.75,0.75,0.515143171,0.457806699,0.409827367
,,,2.44381E-16,5.65287E-16,1.54378E-15,3.23787E-15,3.22043E-15,3.16394E-15,,,,7.66497E-15,1.38027E-14,3.53625E-14,,,,,,,,,,,,,,,,9.05778E-05,4.88216E-05,1.92624E-05,0.775,0.775,0.775,0.515143171,0.457806699,0.409827367
,,,2.40589E-16,5.55609E-16,1.51031E-15,3.23794E-15,3.22071E-15,3.16528E-15,,,,7.66989E-15,1.38115E-14,3.53915E-14,,,,,,,,,,,,,,,,0.000107079,5.61414E-05,2.17963E-05,0.8,0.8,0.8,0.515143171,0.457806699,0.409827367
,,,2.37065E-16,5.46105E-16,1.4771E-15,3.23802E-15,3.22102E-15,3.16674E-15,,,,7.67369E-15,1.38198E-14,3.542E-14,,,,,,,,,,,,,,,,0.000124507,6.38426E-05,2.44596E-05,0.825,0.825,0.825,0.515143171,0.457806699,0.409827367
,,,2.33691E-16,5.36713E-16,1.44408E-15,3.2381E-15,3.22135E-15,3.16834E-15,,,,7.6769E-15,1.38278E-14,3.54483E-14,,,,,,,,,,,,,,,,0.000142775,7.19116E-05,2.72506E-05,0.85,0.85,0.85,0.515143171,0.457806699,0.409827367
,,,2.30403E-16,5.27403E-16,1.41123E-15,3.2382E-15,3.22172E-15,3.17009E-15,,,,7.6798E-15,1.38357E-14,3.54765E-14,,,,,,,,,,,,,,,,0.000161816,8.03379E-05,3.01685E-05,0.875,0.875,0.875,0.515143171,0.457806699,0.409827367
,,,2.2717E-16,5.18157E-16,1.37852E-15,3.2383E-15,3.22211E-15,3.17201E-15,,,,7.68255E-15,1.38435E-14,3.55046E-14,,,,,,,,,,,,,,,,0.000181579,8.91127E-05,3.32122E-05,0.9,0.9,0.9,0.515143171,0.457806699,0.409827367
,,,2.23976E-16,5.08963E-16,1.34594E-15,3.23841E-15,3.22253E-15,3.17412E-15,,,,7.68521E-15,1.38512E-14,3.55326E-14,,,,,,,,,,,,,,,,0.000202021,9.82286E-05,3.6381E-05,0.925,0.925,0.925,0.515143171,0.457806699,0.409827367
,,,2.20809E-16,4.99818E-16,1.31348E-15,3.23852E-15,3.22299E-15,3.17643E-15,,,,7.68782E-15,1.3859E-14,3.55606E-14,,,,,,,,,,,,,,,,0.00022311,0.000107679,3.9674E-05,0.95,0.95,0.95,0.515143171,0.457806699,0.409827367
,,,2.17665E-16,4.90714E-16,1.28113E-15,3.23865E-15,3.22349E-15,3.17896E-15,,,,7.69041E-15,1.38667E-14,3.55885E-14,,,,,,,,,,,,,,,,0.000244815,0.000117456,4.30904E-05,0.975,0.975,0.975,0.515143171,0.457806699,0.409827367
,,,2.14541E-16,4.8165E-16,1.24888E-15,3.23878E-15,3.22403E-15,3.18176E-15,,,,7.69299E-15,1.38744E-14,3.56164E-14,,,,,,,,,,,,,,,,0.00026711,0.000127554,4.66292E-05,1,1,1,0.515143171,0.457806699,0.409827367
,,,2.11435E-16,4.72623E-16,1.21672E-15,3.23893E-15,3.22462E-15,3.18483E-15,,,,7.69556E-15,1.3882E-14,3.56442E-14,,,,,,,,,,,,,,,,0.00028997,0.000137966,5.02894E-05,1.025,1.025,1.025,0.515143171,0.457806699,0.409827367
,,,2.08346E-16,4.6363E-16,1.18464E-15,3.23908E-15,3.22526E-15,3.18821E-15,,,,7.69812E-15,1.38897E-14,3.56719E-14,,,,,,,,,,,,,,,,0.000313369,0.000148685,5.407E-05,1.05,1.05,1.05,0.515143171,0.457806699,0.409827367
,,,2.05271E-16,4.54668E-16,1.15263E-15,3.23924E-15,3.22595E-15,3.19194E-15,,,,7.70068E-15,1.38974E-14,3.56996E-14,,,,,,,,,,,,,,,,0.000337285,0.000159704,5.79696E-05,1.075,1.075,1.075,0.515143171,0.457806699,0.409827367
,,,2.02211E-16,4.45737E-16,1.1207E-15,3.23942E-15,3.22671E-15,3.19607E-15,,,,7.70323E-15,1.3905E-14,3.57271E-14,,,,,,,,,,,,,,,,0.000361692,0.000171015,6.19872E-05,1.1,1.1,1.1,0.515143171,0.457806699,0.409827367
,,,1.99164E-16,4.36834E-16,1.08882E-15,3.23961E-15,3.22753E-15,3.20062E-15,,,,7.70578E-15,1.39126E-14,3.57546E-14,,,,,,,,,,,,,,,,0.000386568,0.000182612,6.61215E-05,1.125,1.125,1.125,0.515143171,0.457806699,0.409827367
,,,1.9613E-16,4.27957E-16,1.057E-15,3.23981E-15,3.22842E-15,3.20566E-15,,,,7.70833E-15,1.39202E-14,3.57819E-14,,,,,,,,,,,,,,,,0.000411887,0.000194487,7.0371E-05,1.15,1.15,1.15,0.515143171,0.457806699,0.409827367
,,,1.93108E-16,4.19104E-16,1.02522E-15,3.24003E-15,3.2294E-15,3.21124E-15,,,,7.71086E-15,1.39278E-14,3.5809E-14,,,,,,,,,,,,,,,,0.000437627,0.000206632,7.47344E-05,1.175,1.175,1.175,0.515143171,0.457806699,0.409827367
,,,1.90097E-16,4.10274E-16,9.93478E-16,3.24027E-15,3.23046E-15,3.21743E-15,,,,7.7134E-15,1.39353E-14,3.5836E-14,,,,,,,,,,,,,,,,0.000463763,0.00021904,7.92101E-05,1.2,1.2,1.2,0.515143171,0.457806699,0.409827367
,,,1.87097E-16,4.01465E-16,9.61766E-16,3.24052E-15,3.23162E-15,3.22431E-15,,,,7.71593E-15,1.39428E-14,3.58628E-14,,,,,,,,,,,,,,,,0.000490272,0.000231701,8.37965E-05,1.225,1.225,1.225,0.515143171,0.457806699,0.409827367
,,,1.84107E-16,3.92675E-16,9.30076E-16,3.2408E-15,3.2329E-15,3.23195E-15,,,,7.71845E-15,1.39503E-14,3.58893E-14,,,,,,,,,,,,,,,,0.000517131,0.00024461,8.8492E-05,1.25,1.25,1.25,0.515143171,0.457806699,0.409827367
,,,1.81126E-16,3.83903E-16,8.98399E-16,3.24109E-15,3.23429E-15,3.24046E-15,,,,7.72096E-15,1.39577E-14,3.59156E-14,,,,,,,,,,,,,,,,0.000544315,0.000257757,9.32946E-05,1.275,1.275,1.275,0.515143171,0.457806699,0.409827367
,,,1.78155E-16,3.75147E-16,8.66725E-16,3.24141E-15,3.23581E-15,3.24994E-15,,,,7.72346E-15,1.3965E-14,3.59416E-14,,,,,,,,,,,,,,,,0.000571801,0.000271133,9.82023E-05,1.3,1.3,1.3,0.515143171,0.457806699,0.409827367
,,,1.75192E-16,3.66406E-16,8.35047E-16,3.24175E-15,3.23748E-15,3.26053E-15,,,,7.72595E-15,1.39724E-14,3.59672E-14,,,,,,,,,,,,,,,,0.000599568,0.000284732,0.000103213,1.325,1.325,1.325,0.515143171,0.457806699,0.409827367
,,,1.72237E-16,3.57678E-16,8.03354E-16,3.24212E-15,3.23931E-15,3.27235E-15,,,,7.72843E-15,1.39796E-14,3.59924E-14,,,,,,,,,,,,,,,,0.00062759,0.000298543,0.000108324,1.35,1.35,1.35,0.515143171,0.457806699,0.409827367
,,,1.69289E-16,3.48962E-16,7.71637E-16,3.24252E-15,3.24132E-15,3.28557E-15,,,,7.7309E-15,1.39868E-14,3.60171E-14,,,,,,,,,,,,,,,,0.000655847,0.000312557,0.000113532,1.375,1.375,1.375,0.515143171,0.457806699,0.409827367
,,,1.66349E-16,3.40255E-16,7.39885E-16,3.24296E-15,3.24353E-15,3.30039E-15,,,,7.73336E-15,1.39939E-14,3.60412E-14,,,,,,,,,,,,,,,,0.000684313,0.000326766,0.000118834,1.4,1.4,1.4,0.515143171,0.457806699,0.409827367
,,,1.63415E-16,3.31557E-16,7.08086E-16,3.24342E-15,3.24596E-15,3.317E-15,,,,7.7358E-15,1.40009E-14,3.60648E-14,,,,,,,,,,,,,,,,0.000712968,0.000341157,0.000124225,1.425,1.425,1.425,0.515143171,0.457806699,0.409827367
,,,1.60488E-16,3.22866E-16,6.7623E-16,3.24393E-15,3.24864E-15,3.33565E-15,,,,7.73822E-15,1.40078E-14,3.60875E-14,,,,,,,,,,,,,,,,0.000741787,0.000355721,0.000129701,1.45,1.45,1.45,0.515143171,0.457806699,0.409827367
,,,1.57566E-16,3.1418E-16,6.44304E-16,3.24448E-15,3.25159E-15,3.35661E-15,,,,7.74062E-15,1.40146E-14,3.61095E-14,,,,,,,,,,,,,,,,0.000770748,0.000370445,0.000135255,1.475,1.475,1.475,0.515143171,0.457806699,0.409827367
,,,1.5465E-16,3.05498E-16,6.12295E-16,3.24507E-15,3.25485E-15,3.38019E-15,,,,7.743E-15,1.40213E-14,3.61304E-14,,,,,,,,,,,,,,,,0.000799826,0.000385316,0.00014088,1.5,1.5,1.5,0.515143171,0.457806699,0.409827367
,,,1.51739E-16,2.96819E-16,5.80191E-16,3.24571E-15,3.25845E-15,3.40675E-15,,,,7.74536E-15,1.40279E-14,3.61502E-14,,,,,,,,,,,,,,,,0.000828997,0.000400317,0.000146567,1.525,1.525,1.525,0.515143171,0.457806699,0.409827367
,,,1.48832E-16,2.8814E-16,5.47976E-16,3.24641E-15,3.26243E-15,3.43667E-15,,,,7.7477E-15,1.40342E-14,3.61688E-14,,,,,,,,,,,,,,,,0.000858235,0.000415432,0.000152306,1.55,1.55,1.55,0.515143171,0.457806699,0.409827367
,,,1.4593E-16,2.7946E-16,5.15638E-16,3.24717E-15,3.26684E-15,3.47041E-15,,,,7.75E-15,1.40404E-14,3.61858E-14,,,,,,,,,,,,,,,,0.000887514,0.000430641,0.000158086,1.575,1.575,1.575,0.515143171,0.457806699,0.409827367
,,,1.43032E-16,2.70777E-16,4.83162E-16,3.24799E-15,3.27172E-15,3.50848E-15,,,,7.75228E-15,1.40464E-14,3.6201E-14,,,,,,,,,,,,,,,,0.000916807,0.000445922,0.000163895,1.6,1.6,1.6,0.515143171,0.457806699,0.409827367
,,,1.40137E-16,2.6209E-16,4.50535E-16,3.24889E-15,3.27713E-15,3.55144E-15,,,,7.75451E-15,1.40521E-14,3.62143E-14,,,,,,,,,,,,,,,,0.000946083,0.000461252,0.000169721,1.625,1.625,1.625,0.515143171,0.457806699,0.409827367
,,,1.37246E-16,2.53397E-16,4.17743E-16,3.24986E-15,3.28313E-15,3.59993E-15,,,,7.75671E-15,1.40576E-14,3.62253E-14,,,,,,,,,,,,,,,,0.00097531,0.000476605,0.000175552,1.65,1.65,1.65,0.515143171,0.457806699,0.409827367
,,,1.34358E-16,2.44697E-16,3.84775E-16,3.25093E-15,3.2898E-15,3.65462E-15,,,,7.75887E-15,1.40628E-14,3.62337E-14,,,,,,,,,,,,,,,,0.001004455,0.000491953,0.000181378,1.675,1.675,1.675,0.515143171,0.457806699,0.409827367
,,,1.31472E-16,2.35988E-16,3.51621E-16,3.25208E-15,3.29722E-15,3.71629E-15,,,,7.76098E-15,1.40676E-14,3.62391E-14,,,,,,,,,,,,,,,,0.001033481,0.000507272,0.000187189,1.7,1.7,1.7,0.515143171,0.457806699,0.409827367
,,,1.28588E-16,2.27268E-16,3.18274E-16,3.25335E-15,3.30546E-15,3.78576E-15,,,,7.76303E-15,1.4072E-14,3.62412E-14,,,,,,,,,,,,,,,,0.001062351,0.000522537,0.000192978,1.725,1.725,1.725,0.515143171,0.457806699,0.409827367
,,,1.25707E-16,2.18536E-16,2.84731E-16,3.25473E-15,3.31464E-15,3.86391E-15,,,,7.76503E-15,1.4076E-14,3.62394E-14,,,,,,,,,,,,,,,,0.001091026,0.000537724,0.000198738,1.75,1.75,1.75,0.515143171,0.457806699,0.409827367
,,,1.22827E-16,2.09791E-16,2.50995E-16,3.25624E-15,3.32485E-15,3.95166E-15,,,,7.76696E-15,1.40795E-14,3.62332E-14,,,,,,,,,,,,,,,,0.001119467,0.000552813,0.000204465,1.775,1.775,1.775,0.515143171,0.457806699,0.409827367
,,,1.19949E-16,2.01032E-16,2.17074E-16,3.25789E-15,3.33623E-15,4.04997E-15,,,,7.76882E-15,1.40824E-14,3.62223E-14,,,,,,,,,,,,,,,,0.001147638,0.000567789,0.000210155,1.8,1.8,1.8,0.515143171,0.457806699,0.409827367